{
  "product_name": "Compose",
  "product_version": "2021.8.0.493",
  "created_on": "03/07/2022 13:39:41",
  "objects": [
    {
      "id": 6,
      "path": "/",
      "name": "categories",
      "type": "Entity",
      "creation_time": 0,
      "modification_time": 0,
      "inner_item": {
        "$type": "EntityDto",
        "time_model_entity_id": 0,
        "is_reference_entity": false,
        "save_history": true,
        "use_backdating": false,
        "use_precurse_rows": false,
        "id": 6,
        "name": "categories",
        "version": 637801919621860000,
        "metadata": {
          "creation_time": 637801919621860000,
          "modification_time": 637801919621860000,
          "tags": [],
          "caller_role": "NONE"
        }
      },
      "tags": [],
      "software_version": 1
    },
    {
      "id": 13,
      "path": "/",
      "name": "customers",
      "type": "Entity",
      "creation_time": 0,
      "modification_time": 0,
      "inner_item": {
        "$type": "EntityDto",
        "time_model_entity_id": 0,
        "is_reference_entity": false,
        "save_history": true,
        "use_backdating": false,
        "use_precurse_rows": false,
        "id": 13,
        "name": "customers",
        "version": 637801919625670000,
        "metadata": {
          "creation_time": 637801919625670000,
          "modification_time": 637801919625670000,
          "tags": [],
          "caller_role": "NONE"
        }
      },
      "tags": [],
      "software_version": 1
    },
    {
      "id": 3,
      "path": "/",
      "name": "Data Lake",
      "type": "Database",
      "creation_time": 0,
      "modification_time": 0,
      "inner_item": {
        "$type": "DatabaseDto",
        "usage": "DATA_WAREHOUSE",
        "dbms": "Databricks Delta",
        "server_name": "adb-5830719978763453.13.azuredatabricks.net",
        "database_name": "",
        "user_name": "token",
        "password": "",
        "included_schemas": "storage_compose2_dke",
        "templateDatabaseType": "DATABRICKSDELTA",
        "dma_schema": "storage_compose2_dke",
        "original_sourcedb_id": 0,
        "has_source_definition": false,
        "landing_zone": {
          "landing_type": "DATABASE",
          "replicate_task_type": "FULL_LOAD_AND_CDC",
          "associate_with_replicate_task": false,
          "archive_settings": {
            "ct_post_processing": "DO_NOTHING"
          },
          "variant_type": "JSON"
        },
        "display_name": "Databricks Delta",
        "port": 443,
        "jdbc_connection_string": "UseNativeQuery=1;spark.sql.crossJoin.enabled=true;",
        "db_settings": {
          "$type": "DatabricksDbSettings",
          "authentication_type": "DATABRICKS_DELTA",
          "authentication_settings": {
            "$type": "DatabricksConfiguration",
            "gateway_path": "sql/protocolv1/o/5830719978763453/0331-173454-wages962"
          },
          "ssl_configuration": {
            "use_ssl": false,
            "allow_self_signed_certs": false
          },
          "is_glue_metadata": false
        },
        "multibyte_character_multiplier": 1,
        "apply_ddl_changes": false,
        "max_table_cols_single_read": 100,
        "use_long_object_names": false,
        "use_zoo_keeper": false,
        "zoo_keeper_namespace": "hiveserver2",
        "cache_only_the_discovered_tables": true,
        "full_connection_string": {
          "enabled": false
        },
        "id": 3,
        "name": "Data Lake",
        "version": 637703367029450000,
        "metadata": {
          "creation_time": 637461538234660000,
          "modification_time": 637703367029450000,
          "tags": [],
          "caller_role": "NONE"
        }
      },
      "tags": [],
      "software_version": 6
    },
    {
      "id": 4,
      "path": "/",
      "name": "Landing",
      "type": "Database",
      "creation_time": 0,
      "modification_time": 0,
      "inner_item": {
        "$type": "DatabaseDto",
        "usage": "SOURCE",
        "dbms": "Databricks Delta",
        "server_name": "adb-5830719978763453.13.azuredatabricks.net",
        "database_name": "",
        "user_name": "token",
        "included_schemas": "*",
        "templateDatabaseType": "DATABRICKSDELTA",
        "dma_schema": "*",
        "original_sourcedb_id": 0,
        "has_source_definition": false,
        "landing_zone": {
          "landing_type": "DATABASE",
          "schema_name": "landing_dke_new",
          "replicate_task_type": "FULL_LOAD_AND_CDC",
          "replicate_task_name": "test_task",
          "associate_with_replicate_task": true,
          "replicate_server_name": "localhost",
          "archive_settings": {
            "ct_post_processing": "DELETE"
          },
          "task_uuid": "64a7e07b-86a0-a24c-88a0-20011a0fe696",
          "variant_type": "JSON"
        },
        "display_name": "Databricks Delta",
        "port": 443,
        "jdbc_connection_string": "UseNativeQuery=1;spark.sql.crossJoin.enabled=true;",
        "db_settings": {
          "$type": "DatabricksDbSettings",
          "authentication_type": "DATABRICKS_DELTA",
          "authentication_settings": {
            "$type": "DatabricksConfiguration"
          },
          "ssl_configuration": {
            "use_ssl": false,
            "allow_self_signed_certs": false
          },
          "is_glue_metadata": false
        },
        "multibyte_character_multiplier": 1,
        "apply_ddl_changes": false,
        "max_table_cols_single_read": 100,
        "use_long_object_names": false,
        "use_zoo_keeper": false,
        "zoo_keeper_namespace": "hiveserver2",
        "cache_only_the_discovered_tables": true,
        "full_connection_string": {
          "enabled": false
        },
        "id": 4,
        "name": "Landing",
        "version": 637800357150780000,
        "metadata": {
          "creation_time": 637751930761300000,
          "modification_time": 637800357150780000,
          "tags": [],
          "caller_role": "NONE"
        }
      },
      "tags": [],
      "software_version": 6
    },
    {
      "id": 5,
      "path": "/",
      "name": "Landing_Landing",
      "type": "Database",
      "creation_time": 0,
      "modification_time": 0,
      "inner_item": {
        "$type": "DatabaseDto",
        "usage": "SOURCE",
        "dbms": "Databricks Delta",
        "server_name": "adb-5830719978763453.13.azuredatabricks.net",
        "user_name": "token",
        "password": "",
        "included_schemas": "landing_dke_new",
        "templateDatabaseType": "DATABRICKSDELTA",
        "dma_schema": "landing_dke_new",
        "original_sourcedb_id": 4,
        "has_source_definition": true,
        "landing_zone": {
          "landing_type": "DATABASE",
          "schema_name": "landing_dke_new",
          "replicate_task_type": "FULL_LOAD_AND_CDC",
          "replicate_task_name": "test_task",
          "associate_with_replicate_task": true,
          "replicate_server_name": "localhost",
          "archive_settings": {
            "ct_post_processing": "DELETE"
          },
          "task_uuid": "64a7e07b-86a0-a24c-88a0-20011a0fe696",
          "variant_type": "JSON"
        },
        "display_name": "Databricks Delta",
        "port": 443,
        "jdbc_connection_string": "UseNativeQuery=1;spark.sql.crossJoin.enabled=true;",
        "db_settings": {
          "$type": "DatabricksDbSettings",
          "authentication_type": "DATABRICKS_DELTA",
          "authentication_settings": {
            "$type": "DatabricksConfiguration",
            "gateway_path": "sql/protocolv1/o/5830719978763453/0331-173454-wages962"
          },
          "ssl_configuration": {
            "use_ssl": false,
            "allow_self_signed_certs": false
          },
          "is_glue_metadata": false
        },
        "multibyte_character_multiplier": 1,
        "apply_ddl_changes": false,
        "max_table_cols_single_read": 100,
        "original_sourcedb_name": "Landing",
        "use_long_object_names": false,
        "use_zoo_keeper": false,
        "zoo_keeper_namespace": "hiveserver2",
        "cache_only_the_discovered_tables": true,
        "full_connection_string": {
          "enabled": false
        },
        "id": 5,
        "name": "Landing_Landing",
        "version": 637800357150930000,
        "metadata": {
          "creation_time": 637751930761470000,
          "modification_time": 637800357150930000,
          "tags": [],
          "caller_role": "NONE"
        }
      },
      "tags": [],
      "software_version": 6
    },
    {
      "id": 49,
      "path": "/",
      "name": "VersionControl",
      "type": "VersionControl",
      "creation_time": 0,
      "modification_time": 0,
      "inner_item": {
        "$type": "VersionControlDto",
        "type": "Git",
        "use_remote_server": true,
        "remote_url": "https://github.com/dedwardsqlik/QlikCompose.git",
        "user_name": "damien.edwards@qlik.com",
        "password": "",
        "name": "VersionControl",
        "version": 637822571185720000,
        "metadata": {
          "creation_time": 637822569982440000,
          "modification_time": 637822571185720000,
          "tags": [],
          "caller_role": "NONE"
        }
      },
      "tags": [],
      "software_version": 1
    },
    {
      "id": 1,
      "path": "/",
      "name": "settings",
      "type": "ACProjectSettings",
      "creation_time": 0,
      "modification_time": 0,
      "inner_item": {
        "$type": "ACProjectSettings",
        "from_date_col_name": "FD",
        "to_date_col_name": "TD",
        "lowest_date": "1780-01-01",
        "highest_date": "9999-12-31",
        "map_name_prefix": "Map",
        "stop_after_staging": false,
        "use_datetime2": false,
        "dwh_key_name": "ID",
        "naming_conv": {
          "dwh_prefix": "",
          "hub_suffix": "_HUB",
          "sat_suffix": "_S",
          "lnk_suffix": "_L",
          "dma_prefix": "TDMA_",
          "dwh_view_prefix": "",
          "replicate_change_table_suffix": "__ct",
          "error_mart_suffix": "__ex",
          "dma_view_prefix": "VDMA_",
          "ct_archive_suffix": "__ar",
          "control_table_prefix": "qlik_cmps_",
          "column_prefix": "header__",
          "from_date_suffix": "from_date",
          "to_date_suffix": "to_date",
          "soft_delete_suffix": "deleted",
          "created_batch_suffix": "created_batch",
          "modified_batch_suffix": "modified_batch",
          "dropped_column_suffix": "__dropped",
          "provisioning_table_prefix": "",
          "store_suffix": "store",
          "change_oper_suffix": "change_oper",
          "timestamp_suffix": "timestamp",
          "app_timestamp_suffix": "app_timestamp",
          "archive_timestamp_suffix": "archive_timestamp",
          "dl_naming_conventions": {
            "views_database_suffix": "_v",
            "internal_views_database_suffix": "_v_internal",
            "ods_view_suffix": "",
            "ods_live_view_suffix": "_live",
            "hds_view_suffix": "_history",
            "hds_live_view_suffix": "_live_history"
          }
        },
        "create_ddl_scripts_only": false,
        "ignore_data_type_check": false,
        "write_tdwm_to_db": false,
        "hide_default_workflows": false,
        "environment": {
          "environment_type": "OTHER"
        },
        "support_backdating": false,
        "use_precurse_rows": false,
        "project_type": "DL",
        "dwh_type": "MSACCESS",
        "datalakes_project_settings": {
          "public_views_info": {
            "include_store_type": true,
            "include_store_op": true,
            "include_soft_delete": true,
            "include_created_batch": true,
            "include_modified_batch": true,
            "include_timestamp": true,
            "include_app_timestamp": true,
            "include_from_date": true,
            "include_to_date": true,
            "include_archive_timestamp": true
          },
          "merge_load_into_table": true,
          "can_drop_views_db": false,
          "truncate_tables_on_full_load": true,
          "db_location": "",
          "datalake_deployment_type": "Azure",
          "datalake_storage_type": "DATABRICKSDELTA",
          "datalake_compute_type": "DATABRICKS",
          "use_buckets": true,
          "number_of_buckets": 10,
          "default_save_history": true
        },
        "delete_type": "SOFTDELETE",
        "skip_lookup_check_on_generate": false,
        "use_utc": true,
        "ddl_execution_threads": 20,
        "table_modifiers": {
          "table_modifier_hub": {
            "table_modifier_type": "NONE"
          },
          "table_modifier_sat": {
            "table_modifier_type": "NONE"
          },
          "table_modifier_fact": {
            "table_modifier_type": "NONE"
          },
          "table_modifier_dimension": {
            "table_modifier_type": "NONE"
          },
          "table_modifier_current": {
            "table_modifier_type": "NONE"
          },
          "table_modifier_archive": {
            "table_modifier_type": "NONE"
          },
          "initialized": true
        },
        "recoverable_exceptions": {
          "sql_state_class": "08",
          "sql_error_code": "",
          "max_retry_count": 5,
          "retry_interval": 2,
          "initialized": true
        },
        "full_entities_tree_nodes": true,
        "max_number_of_entities_in_tree_nodes": 500,
        "max_transactional_date_tree_depth": 6,
        "name": "settings",
        "version": 637703367029610000,
        "metadata": {
          "creation_time": 637461527692500000,
          "modification_time": 637703367029610000,
          "tags": [],
          "caller_role": "NONE"
        }
      },
      "tags": [],
      "software_version": 3
    },
    {
      "id": 7,
      "path": "/",
      "name": "CategoryID",
      "type": "DomainAttribute",
      "creation_time": 0,
      "modification_time": 0,
      "inner_item": {
        "$type": "DomainAttributeDto",
        "type": "Integer",
        "length": 0,
        "scale": 0,
        "time_model_entity_id": 0,
        "is_reference_entity": false,
        "save_history": true,
        "use_backdating": false,
        "use_precurse_rows": false,
        "id": 7,
        "name": "CategoryID",
        "version": 637801919621960000,
        "metadata": {
          "creation_time": 637801919621960000,
          "modification_time": 637801919621960000,
          "tags": [],
          "caller_role": "NONE"
        }
      },
      "tags": [],
      "software_version": 2
    },
    {
      "id": 8,
      "path": "/",
      "name": "Picture",
      "type": "DomainAttribute",
      "creation_time": 0,
      "modification_time": 0,
      "inner_item": {
        "$type": "DomainAttributeDto",
        "type": "String",
        "length": 0,
        "scale": 0,
        "time_model_entity_id": 0,
        "is_reference_entity": false,
        "save_history": true,
        "use_backdating": false,
        "use_precurse_rows": false,
        "id": 8,
        "name": "Picture",
        "version": 637801919622010000,
        "metadata": {
          "creation_time": 637801919622010000,
          "modification_time": 637801919622010000,
          "tags": [],
          "caller_role": "NONE"
        }
      },
      "tags": [],
      "software_version": 2
    },
    {
      "id": 9,
      "path": "/",
      "name": "CategoryName",
      "type": "DomainAttribute",
      "creation_time": 0,
      "modification_time": 0,
      "inner_item": {
        "$type": "DomainAttributeDto",
        "type": "String",
        "length": 0,
        "scale": 0,
        "time_model_entity_id": 0,
        "is_reference_entity": false,
        "save_history": true,
        "use_backdating": false,
        "use_precurse_rows": false,
        "id": 9,
        "name": "CategoryName",
        "version": 637801919622010000,
        "metadata": {
          "creation_time": 637801919622010000,
          "modification_time": 637801919622010000,
          "tags": [],
          "caller_role": "NONE"
        }
      },
      "tags": [],
      "software_version": 2
    },
    {
      "id": 10,
      "path": "/",
      "name": "Description",
      "type": "DomainAttribute",
      "creation_time": 0,
      "modification_time": 0,
      "inner_item": {
        "$type": "DomainAttributeDto",
        "type": "String",
        "length": 0,
        "scale": 0,
        "time_model_entity_id": 0,
        "is_reference_entity": false,
        "save_history": true,
        "use_backdating": false,
        "use_precurse_rows": false,
        "id": 10,
        "name": "Description",
        "version": 637801919622020000,
        "metadata": {
          "creation_time": 637801919622020000,
          "modification_time": 637801919622020000,
          "tags": [],
          "caller_role": "NONE"
        }
      },
      "tags": [],
      "software_version": 2
    },
    {
      "id": 11,
      "path": "/",
      "name": "CellPhone7",
      "type": "DomainAttribute",
      "creation_time": 0,
      "modification_time": 0,
      "inner_item": {
        "$type": "DomainAttributeDto",
        "type": "String",
        "length": 0,
        "scale": 0,
        "time_model_entity_id": 0,
        "is_reference_entity": false,
        "save_history": true,
        "use_backdating": false,
        "use_precurse_rows": false,
        "id": 11,
        "name": "CellPhone7",
        "version": 637801919622020000,
        "metadata": {
          "creation_time": 637801919622020000,
          "modification_time": 637801919622020000,
          "tags": [],
          "caller_role": "NONE"
        }
      },
      "tags": [],
      "software_version": 2
    },
    {
      "id": 12,
      "path": "/",
      "name": "CellPhone6",
      "type": "DomainAttribute",
      "creation_time": 0,
      "modification_time": 0,
      "inner_item": {
        "$type": "DomainAttributeDto",
        "type": "String",
        "length": 0,
        "scale": 0,
        "time_model_entity_id": 0,
        "is_reference_entity": false,
        "save_history": true,
        "use_backdating": false,
        "use_precurse_rows": false,
        "id": 12,
        "name": "CellPhone6",
        "version": 637801919622030000,
        "metadata": {
          "creation_time": 637801919622030000,
          "modification_time": 637801919622030000,
          "tags": [],
          "caller_role": "NONE"
        }
      },
      "tags": [],
      "software_version": 2
    },
    {
      "id": 14,
      "path": "/",
      "name": "CustomerID",
      "type": "DomainAttribute",
      "creation_time": 0,
      "modification_time": 0,
      "inner_item": {
        "$type": "DomainAttributeDto",
        "type": "String",
        "length": 0,
        "scale": 0,
        "time_model_entity_id": 0,
        "is_reference_entity": false,
        "save_history": true,
        "use_backdating": false,
        "use_precurse_rows": false,
        "id": 14,
        "name": "CustomerID",
        "version": 637801919625690000,
        "metadata": {
          "creation_time": 637801919625690000,
          "modification_time": 637801919625690000,
          "tags": [],
          "caller_role": "NONE"
        }
      },
      "tags": [],
      "software_version": 2
    },
    {
      "id": 15,
      "path": "/",
      "name": "CompanyName",
      "type": "DomainAttribute",
      "creation_time": 0,
      "modification_time": 0,
      "inner_item": {
        "$type": "DomainAttributeDto",
        "type": "String",
        "length": 0,
        "scale": 0,
        "time_model_entity_id": 0,
        "is_reference_entity": false,
        "save_history": true,
        "use_backdating": false,
        "use_precurse_rows": false,
        "id": 15,
        "name": "CompanyName",
        "version": 637801919625690000,
        "metadata": {
          "creation_time": 637801919625690000,
          "modification_time": 637801919625690000,
          "tags": [],
          "caller_role": "NONE"
        }
      },
      "tags": [],
      "software_version": 2
    },
    {
      "id": 16,
      "path": "/",
      "name": "ContactName",
      "type": "DomainAttribute",
      "creation_time": 0,
      "modification_time": 0,
      "inner_item": {
        "$type": "DomainAttributeDto",
        "type": "String",
        "length": 0,
        "scale": 0,
        "time_model_entity_id": 0,
        "is_reference_entity": false,
        "save_history": true,
        "use_backdating": false,
        "use_precurse_rows": false,
        "id": 16,
        "name": "ContactName",
        "version": 637801919625700000,
        "metadata": {
          "creation_time": 637801919625700000,
          "modification_time": 637801919625700000,
          "tags": [],
          "caller_role": "NONE"
        }
      },
      "tags": [],
      "software_version": 2
    },
    {
      "id": 17,
      "path": "/",
      "name": "ContactTitle",
      "type": "DomainAttribute",
      "creation_time": 0,
      "modification_time": 0,
      "inner_item": {
        "$type": "DomainAttributeDto",
        "type": "String",
        "length": 0,
        "scale": 0,
        "time_model_entity_id": 0,
        "is_reference_entity": false,
        "save_history": true,
        "use_backdating": false,
        "use_precurse_rows": false,
        "id": 17,
        "name": "ContactTitle",
        "version": 637801919625700000,
        "metadata": {
          "creation_time": 637801919625700000,
          "modification_time": 637801919625700000,
          "tags": [],
          "caller_role": "NONE"
        }
      },
      "tags": [],
      "software_version": 2
    },
    {
      "id": 18,
      "path": "/",
      "name": "Address",
      "type": "DomainAttribute",
      "creation_time": 0,
      "modification_time": 0,
      "inner_item": {
        "$type": "DomainAttributeDto",
        "type": "String",
        "length": 0,
        "scale": 0,
        "time_model_entity_id": 0,
        "is_reference_entity": false,
        "save_history": true,
        "use_backdating": false,
        "use_precurse_rows": false,
        "id": 18,
        "name": "Address",
        "version": 637801919625710000,
        "metadata": {
          "creation_time": 637801919625710000,
          "modification_time": 637801919625710000,
          "tags": [],
          "caller_role": "NONE"
        }
      },
      "tags": [],
      "software_version": 2
    },
    {
      "id": 19,
      "path": "/",
      "name": "City",
      "type": "DomainAttribute",
      "creation_time": 0,
      "modification_time": 0,
      "inner_item": {
        "$type": "DomainAttributeDto",
        "type": "String",
        "length": 0,
        "scale": 0,
        "time_model_entity_id": 0,
        "is_reference_entity": false,
        "save_history": true,
        "use_backdating": false,
        "use_precurse_rows": false,
        "id": 19,
        "name": "City",
        "version": 637801919625710000,
        "metadata": {
          "creation_time": 637801919625710000,
          "modification_time": 637801919625710000,
          "tags": [],
          "caller_role": "NONE"
        }
      },
      "tags": [],
      "software_version": 2
    },
    {
      "id": 20,
      "path": "/",
      "name": "Region",
      "type": "DomainAttribute",
      "creation_time": 0,
      "modification_time": 0,
      "inner_item": {
        "$type": "DomainAttributeDto",
        "type": "String",
        "length": 0,
        "scale": 0,
        "time_model_entity_id": 0,
        "is_reference_entity": false,
        "save_history": true,
        "use_backdating": false,
        "use_precurse_rows": false,
        "id": 20,
        "name": "Region",
        "version": 637801919625720000,
        "metadata": {
          "creation_time": 637801919625720000,
          "modification_time": 637801919625720000,
          "tags": [],
          "caller_role": "NONE"
        }
      },
      "tags": [],
      "software_version": 2
    },
    {
      "id": 21,
      "path": "/",
      "name": "PostalCode",
      "type": "DomainAttribute",
      "creation_time": 0,
      "modification_time": 0,
      "inner_item": {
        "$type": "DomainAttributeDto",
        "type": "String",
        "length": 0,
        "scale": 0,
        "time_model_entity_id": 0,
        "is_reference_entity": false,
        "save_history": true,
        "use_backdating": false,
        "use_precurse_rows": false,
        "id": 21,
        "name": "PostalCode",
        "version": 637801919625720000,
        "metadata": {
          "creation_time": 637801919625720000,
          "modification_time": 637801919625720000,
          "tags": [],
          "caller_role": "NONE"
        }
      },
      "tags": [],
      "software_version": 2
    },
    {
      "id": 22,
      "path": "/",
      "name": "Country",
      "type": "DomainAttribute",
      "creation_time": 0,
      "modification_time": 0,
      "inner_item": {
        "$type": "DomainAttributeDto",
        "type": "String",
        "length": 0,
        "scale": 0,
        "time_model_entity_id": 0,
        "is_reference_entity": false,
        "save_history": true,
        "use_backdating": false,
        "use_precurse_rows": false,
        "id": 22,
        "name": "Country",
        "version": 637801919625730000,
        "metadata": {
          "creation_time": 637801919625730000,
          "modification_time": 637801919625730000,
          "tags": [],
          "caller_role": "NONE"
        }
      },
      "tags": [],
      "software_version": 2
    },
    {
      "id": 23,
      "path": "/",
      "name": "Phone",
      "type": "DomainAttribute",
      "creation_time": 0,
      "modification_time": 0,
      "inner_item": {
        "$type": "DomainAttributeDto",
        "type": "String",
        "length": 0,
        "scale": 0,
        "time_model_entity_id": 0,
        "is_reference_entity": false,
        "save_history": true,
        "use_backdating": false,
        "use_precurse_rows": false,
        "id": 23,
        "name": "Phone",
        "version": 637801919625730000,
        "metadata": {
          "creation_time": 637801919625730000,
          "modification_time": 637801919625730000,
          "tags": [],
          "caller_role": "NONE"
        }
      },
      "tags": [],
      "software_version": 2
    },
    {
      "id": 24,
      "path": "/",
      "name": "Fax",
      "type": "DomainAttribute",
      "creation_time": 0,
      "modification_time": 0,
      "inner_item": {
        "$type": "DomainAttributeDto",
        "type": "String",
        "length": 0,
        "scale": 0,
        "time_model_entity_id": 0,
        "is_reference_entity": false,
        "save_history": true,
        "use_backdating": false,
        "use_precurse_rows": false,
        "id": 24,
        "name": "Fax",
        "version": 637801919625730000,
        "metadata": {
          "creation_time": 637801919625730000,
          "modification_time": 637801919625730000,
          "tags": [],
          "caller_role": "NONE"
        }
      },
      "tags": [],
      "software_version": 2
    },
    {
      "id": 46,
      "path": "/",
      "name": "Default Workflow",
      "type": "FlowDto",
      "creation_time": 0,
      "modification_time": 0,
      "inner_item": {
        "$type": "FlowDto",
        "flow_type": "SIMPLE",
        "lane_sets": [],
        "flow_nodes": {
          "start": {
            "$type": "StartNode",
            "incoming": [],
            "outgoing": [
              {
                "directive": {
                  "target_node_id": "landing",
                  "target_port_id": "inport"
                },
                "id": "outport"
              }
            ],
            "display_name": "START",
            "id": "start"
          },
          "end": {
            "$type": "EndNode",
            "error_policy": {
              "termination_mode": "STOP_AFTER_RUNNING_ACTIVITIES"
            },
            "incoming": [
              {
                "id": "inport_1"
              }
            ],
            "outgoing": [],
            "display_name": "END",
            "id": "end"
          },
          "landing": {
            "$type": "ExecutionActivity",
            "executor_input": {
              "$type": "EtlCommandExecutionData",
              "project_name": "Databricks_old",
              "etl_id": 42,
              "id": 0,
              "name": "Landing",
              "version": 0
            },
            "timeout_sec": 300,
            "incoming": [
              {
                "id": "inport"
              }
            ],
            "outgoing": [
              {
                "directive": {
                  "target_node_id": "end",
                  "target_port_id": "inport_1"
                },
                "id": "outport"
              }
            ],
            "display_name": "Landing",
            "id": "landing"
          }
        },
        "resumable": true,
        "max_instances": 1,
        "is_template": true,
        "name": "Default Workflow",
        "version": 637801924350530000,
        "metadata": {
          "creation_time": 637801924350530000,
          "modification_time": 637801924350530000,
          "tags": [],
          "caller_role": "NONE"
        }
      },
      "tags": [],
      "software_version": 1
    },
    {
      "id": 47,
      "path": "/",
      "name": "Default CDC Workflow",
      "type": "FlowDto",
      "creation_time": 0,
      "modification_time": 0,
      "inner_item": {
        "$type": "FlowDto",
        "flow_type": "SIMPLE",
        "lane_sets": [],
        "flow_nodes": {
          "start": {
            "$type": "StartNode",
            "incoming": [],
            "outgoing": [
              {
                "directive": {
                  "target_node_id": "landing_cdc",
                  "target_port_id": "inport"
                },
                "id": "outport"
              }
            ],
            "display_name": "START",
            "id": "start"
          },
          "end": {
            "$type": "EndNode",
            "error_policy": {
              "termination_mode": "STOP_AFTER_RUNNING_ACTIVITIES"
            },
            "incoming": [
              {
                "id": "inport_1"
              }
            ],
            "outgoing": [],
            "display_name": "END",
            "id": "end"
          },
          "landing_cdc": {
            "$type": "ExecutionActivity",
            "executor_input": {
              "$type": "EtlCommandExecutionData",
              "project_name": "Databricks_old",
              "etl_id": 43,
              "id": 0,
              "name": "Landing_CDC",
              "version": 0
            },
            "timeout_sec": 300,
            "incoming": [
              {
                "id": "inport"
              }
            ],
            "outgoing": [
              {
                "directive": {
                  "target_node_id": "end",
                  "target_port_id": "inport_1"
                },
                "id": "outport"
              }
            ],
            "display_name": "Landing_CDC",
            "id": "landing_cdc"
          }
        },
        "resumable": true,
        "max_instances": 1,
        "is_template": true,
        "name": "Default CDC Workflow",
        "version": 637801924350540000,
        "metadata": {
          "creation_time": 637801924350540000,
          "modification_time": 637801924350540000,
          "tags": [],
          "caller_role": "NONE"
        }
      },
      "tags": [],
      "software_version": 1
    },
    {
      "id": 48,
      "path": "/",
      "name": "Workflow_1",
      "type": "FlowDto",
      "creation_time": 0,
      "modification_time": 0,
      "inner_item": {
        "$type": "FlowDto",
        "flow_type": "SIMPLE",
        "lane_sets": [],
        "flow_nodes": {
          "start": {
            "$type": "StartNode",
            "incoming": [],
            "outgoing": [],
            "display_name": "Start",
            "id": "start",
            "visuals": {
              "x": 2.0,
              "y": 2.0,
              "h": 0.0,
              "w": 0.0
            }
          },
          "end": {
            "$type": "EndNode",
            "error_policy": {
              "termination_mode": "STOP_AFTER_RUNNING_ACTIVITIES"
            },
            "incoming": [],
            "outgoing": [],
            "display_name": "End",
            "id": "end",
            "visuals": {
              "x": 800.0,
              "y": 2.0,
              "h": 0.0,
              "w": 0.0
            }
          }
        },
        "flow_settings": {
          "arrow_type": "DIAGONAL_WITH_ARROW",
          "arrow_width": 3,
          "grid_cell_size": 40,
          "port_diameter": 18,
          "space_width": 40,
          "space_height": 40
        },
        "resumable": true,
        "max_instances": 1,
        "is_template": false,
        "name": "Workflow_1",
        "version": 637801924462620000,
        "metadata": {
          "creation_time": 637801924462620000,
          "modification_time": 637801924462620000,
          "tags": [],
          "caller_role": "NONE"
        }
      },
      "tags": [],
      "software_version": 1
    },
    {
      "id": 2,
      "path": "/",
      "name": "Databricks_old",
      "type": "ExecutionServiceDto",
      "creation_time": 0,
      "modification_time": 0,
      "inner_item": {
        "$type": "ExecutionServiceDto",
        "max_runtime_instances_to_keep": 100,
        "name": "Databricks_old",
        "version": 637822552053710000,
        "metadata": {
          "creation_time": 637461527692650000,
          "modification_time": 637822552053710000,
          "tags": [],
          "caller_role": "NONE"
        }
      },
      "tags": [],
      "software_version": 1
    },
    {
      "id": 25,
      "path": "/",
      "name": "e0f60c48-008e-4ae4-9a1b-b247c86f366f",
      "type": "TableColumn",
      "creation_time": 0,
      "modification_time": 0,
      "inner_item": {
        "$type": "TableColumnDto",
        "poe": 6,
        "pbe": 7,
        "prefix": "",
        "is_primary": true,
        "history_type": "N",
        "block": 0,
        "ordinal": 100,
        "time_model_role_id": 0,
        "id": 25,
        "name": "e0f60c48-008e-4ae4-9a1b-b247c86f366f",
        "version": 637801919625880000,
        "metadata": {
          "creation_time": 637801919625880000,
          "modification_time": 637801919625880000,
          "tags": [],
          "caller_role": "NONE"
        }
      },
      "tags": [],
      "software_version": 1
    },
    {
      "id": 26,
      "path": "/",
      "name": "3593342b-0409-480c-aa86-6b48ac22c42c",
      "type": "TableColumn",
      "creation_time": 0,
      "modification_time": 0,
      "inner_item": {
        "$type": "TableColumnDto",
        "poe": 13,
        "pbe": 14,
        "prefix": "",
        "is_primary": true,
        "history_type": "N",
        "block": 0,
        "ordinal": 100,
        "time_model_role_id": 0,
        "id": 26,
        "name": "3593342b-0409-480c-aa86-6b48ac22c42c",
        "version": 637801919625930000,
        "metadata": {
          "creation_time": 637801919625930000,
          "modification_time": 637801919625930000,
          "tags": [],
          "caller_role": "NONE"
        }
      },
      "tags": [],
      "software_version": 1
    },
    {
      "id": 27,
      "path": "/",
      "name": "04bd347d-af5b-47b6-85f3-8f64bf52efc2",
      "type": "TableColumn",
      "creation_time": 0,
      "modification_time": 0,
      "inner_item": {
        "$type": "TableColumnDto",
        "poe": 6,
        "pbe": 8,
        "prefix": "",
        "is_primary": false,
        "history_type": "N",
        "block": 0,
        "ordinal": 200,
        "time_model_role_id": 0,
        "id": 27,
        "name": "04bd347d-af5b-47b6-85f3-8f64bf52efc2",
        "version": 637801919625980000,
        "metadata": {
          "creation_time": 637801919625980000,
          "modification_time": 637801919625980000,
          "tags": [],
          "caller_role": "NONE"
        }
      },
      "tags": [],
      "software_version": 1
    },
    {
      "id": 28,
      "path": "/",
      "name": "de2cc636-1b37-472f-bc9f-0ebf99082ae9",
      "type": "TableColumn",
      "creation_time": 0,
      "modification_time": 0,
      "inner_item": {
        "$type": "TableColumnDto",
        "poe": 6,
        "pbe": 9,
        "prefix": "",
        "is_primary": false,
        "history_type": "N",
        "block": 0,
        "ordinal": 300,
        "time_model_role_id": 0,
        "id": 28,
        "name": "de2cc636-1b37-472f-bc9f-0ebf99082ae9",
        "version": 637801919625980000,
        "metadata": {
          "creation_time": 637801919625980000,
          "modification_time": 637801919625980000,
          "tags": [],
          "caller_role": "NONE"
        }
      },
      "tags": [],
      "software_version": 1
    },
    {
      "id": 29,
      "path": "/",
      "name": "e37ee2e3-2879-4b6a-b9e4-7baf658140fb",
      "type": "TableColumn",
      "creation_time": 0,
      "modification_time": 0,
      "inner_item": {
        "$type": "TableColumnDto",
        "poe": 6,
        "pbe": 10,
        "prefix": "",
        "is_primary": false,
        "history_type": "N",
        "block": 0,
        "ordinal": 400,
        "time_model_role_id": 0,
        "id": 29,
        "name": "e37ee2e3-2879-4b6a-b9e4-7baf658140fb",
        "version": 637801919625980000,
        "metadata": {
          "creation_time": 637801919625980000,
          "modification_time": 637801919625980000,
          "tags": [],
          "caller_role": "NONE"
        }
      },
      "tags": [],
      "software_version": 1
    },
    {
      "id": 30,
      "path": "/",
      "name": "a68753f0-b619-422e-9203-a145a36c37f5",
      "type": "TableColumn",
      "creation_time": 0,
      "modification_time": 0,
      "inner_item": {
        "$type": "TableColumnDto",
        "poe": 6,
        "pbe": 11,
        "prefix": "",
        "is_primary": false,
        "history_type": "N",
        "block": 0,
        "ordinal": 500,
        "time_model_role_id": 0,
        "id": 30,
        "name": "a68753f0-b619-422e-9203-a145a36c37f5",
        "version": 637801919625980000,
        "metadata": {
          "creation_time": 637801919625980000,
          "modification_time": 637801919625980000,
          "tags": [],
          "caller_role": "NONE"
        }
      },
      "tags": [],
      "software_version": 1
    },
    {
      "id": 31,
      "path": "/",
      "name": "ddc01ae0-7296-489b-b6b1-7707b711f44d",
      "type": "TableColumn",
      "creation_time": 0,
      "modification_time": 0,
      "inner_item": {
        "$type": "TableColumnDto",
        "poe": 6,
        "pbe": 12,
        "prefix": "",
        "is_primary": false,
        "history_type": "N",
        "block": 0,
        "ordinal": 600,
        "time_model_role_id": 0,
        "id": 31,
        "name": "ddc01ae0-7296-489b-b6b1-7707b711f44d",
        "version": 637801919625980000,
        "metadata": {
          "creation_time": 637801919625980000,
          "modification_time": 637801919625980000,
          "tags": [],
          "caller_role": "NONE"
        }
      },
      "tags": [],
      "software_version": 1
    },
    {
      "id": 32,
      "path": "/",
      "name": "be6c903a-d634-4698-9371-9f32b58f6988",
      "type": "TableColumn",
      "creation_time": 0,
      "modification_time": 0,
      "inner_item": {
        "$type": "TableColumnDto",
        "poe": 13,
        "pbe": 15,
        "is_primary": false,
        "history_type": "N",
        "block": 0,
        "ordinal": 200,
        "time_model_role_id": 0,
        "expression": {
          "alias": []
        },
        "id": 32,
        "name": "be6c903a-d634-4698-9371-9f32b58f6988",
        "version": 637801920018630000,
        "metadata": {
          "creation_time": 637801919625980000,
          "modification_time": 637801920018630000,
          "tags": [],
          "caller_role": "NONE"
        }
      },
      "tags": [],
      "software_version": 1
    },
    {
      "id": 33,
      "path": "/",
      "name": "16c3b179-77b9-4060-b7a1-df9fe7498df2",
      "type": "TableColumn",
      "creation_time": 0,
      "modification_time": 0,
      "inner_item": {
        "$type": "TableColumnDto",
        "poe": 13,
        "pbe": 16,
        "prefix": "",
        "is_primary": false,
        "history_type": "N",
        "block": 0,
        "ordinal": 300,
        "time_model_role_id": 0,
        "id": 33,
        "name": "16c3b179-77b9-4060-b7a1-df9fe7498df2",
        "version": 637801919625980000,
        "metadata": {
          "creation_time": 637801919625980000,
          "modification_time": 637801919625980000,
          "tags": [],
          "caller_role": "NONE"
        }
      },
      "tags": [],
      "software_version": 1
    },
    {
      "id": 34,
      "path": "/",
      "name": "46ec3109-9fc9-4dd2-ac67-cedcad3715b4",
      "type": "TableColumn",
      "creation_time": 0,
      "modification_time": 0,
      "inner_item": {
        "$type": "TableColumnDto",
        "poe": 13,
        "pbe": 17,
        "prefix": "",
        "is_primary": false,
        "history_type": "N",
        "block": 0,
        "ordinal": 400,
        "time_model_role_id": 0,
        "id": 34,
        "name": "46ec3109-9fc9-4dd2-ac67-cedcad3715b4",
        "version": 637801919625980000,
        "metadata": {
          "creation_time": 637801919625980000,
          "modification_time": 637801919625980000,
          "tags": [],
          "caller_role": "NONE"
        }
      },
      "tags": [],
      "software_version": 1
    },
    {
      "id": 35,
      "path": "/",
      "name": "afbf1fa6-3b62-4613-962d-965c804f02d9",
      "type": "TableColumn",
      "creation_time": 0,
      "modification_time": 0,
      "inner_item": {
        "$type": "TableColumnDto",
        "poe": 13,
        "pbe": 18,
        "prefix": "",
        "is_primary": false,
        "history_type": "N",
        "block": 0,
        "ordinal": 500,
        "time_model_role_id": 0,
        "id": 35,
        "name": "afbf1fa6-3b62-4613-962d-965c804f02d9",
        "version": 637801919625980000,
        "metadata": {
          "creation_time": 637801919625980000,
          "modification_time": 637801919625980000,
          "tags": [],
          "caller_role": "NONE"
        }
      },
      "tags": [],
      "software_version": 1
    },
    {
      "id": 36,
      "path": "/",
      "name": "6f3babff-7667-419a-bb81-1bb0ab6b4912",
      "type": "TableColumn",
      "creation_time": 0,
      "modification_time": 0,
      "inner_item": {
        "$type": "TableColumnDto",
        "poe": 13,
        "pbe": 19,
        "prefix": "",
        "is_primary": false,
        "history_type": "N",
        "block": 0,
        "ordinal": 600,
        "time_model_role_id": 0,
        "id": 36,
        "name": "6f3babff-7667-419a-bb81-1bb0ab6b4912",
        "version": 637801919625980000,
        "metadata": {
          "creation_time": 637801919625980000,
          "modification_time": 637801919625980000,
          "tags": [],
          "caller_role": "NONE"
        }
      },
      "tags": [],
      "software_version": 1
    },
    {
      "id": 37,
      "path": "/",
      "name": "8b7f4458-48fe-483c-a81d-098b434b1166",
      "type": "TableColumn",
      "creation_time": 0,
      "modification_time": 0,
      "inner_item": {
        "$type": "TableColumnDto",
        "poe": 13,
        "pbe": 20,
        "prefix": "",
        "is_primary": false,
        "history_type": "N",
        "block": 0,
        "ordinal": 700,
        "time_model_role_id": 0,
        "id": 37,
        "name": "8b7f4458-48fe-483c-a81d-098b434b1166",
        "version": 637801919625980000,
        "metadata": {
          "creation_time": 637801919625980000,
          "modification_time": 637801919625980000,
          "tags": [],
          "caller_role": "NONE"
        }
      },
      "tags": [],
      "software_version": 1
    },
    {
      "id": 38,
      "path": "/",
      "name": "9d706d48-9761-4209-a7d3-65996d2282e7",
      "type": "TableColumn",
      "creation_time": 0,
      "modification_time": 0,
      "inner_item": {
        "$type": "TableColumnDto",
        "poe": 13,
        "pbe": 21,
        "prefix": "",
        "is_primary": false,
        "history_type": "N",
        "block": 0,
        "ordinal": 800,
        "time_model_role_id": 0,
        "id": 38,
        "name": "9d706d48-9761-4209-a7d3-65996d2282e7",
        "version": 637801919625980000,
        "metadata": {
          "creation_time": 637801919625980000,
          "modification_time": 637801919625980000,
          "tags": [],
          "caller_role": "NONE"
        }
      },
      "tags": [],
      "software_version": 1
    },
    {
      "id": 39,
      "path": "/",
      "name": "9521d99f-87f2-4deb-8798-a617ae8f20db",
      "type": "TableColumn",
      "creation_time": 0,
      "modification_time": 0,
      "inner_item": {
        "$type": "TableColumnDto",
        "poe": 13,
        "pbe": 22,
        "prefix": "",
        "is_primary": false,
        "history_type": "N",
        "block": 0,
        "ordinal": 900,
        "time_model_role_id": 0,
        "id": 39,
        "name": "9521d99f-87f2-4deb-8798-a617ae8f20db",
        "version": 637801919625980000,
        "metadata": {
          "creation_time": 637801919625980000,
          "modification_time": 637801919625980000,
          "tags": [],
          "caller_role": "NONE"
        }
      },
      "tags": [],
      "software_version": 1
    },
    {
      "id": 40,
      "path": "/",
      "name": "1c958084-3b3a-4d12-aa65-39503d8e46c7",
      "type": "TableColumn",
      "creation_time": 0,
      "modification_time": 0,
      "inner_item": {
        "$type": "TableColumnDto",
        "poe": 13,
        "pbe": 23,
        "prefix": "",
        "is_primary": false,
        "history_type": "N",
        "block": 0,
        "ordinal": 1000,
        "time_model_role_id": 0,
        "id": 40,
        "name": "1c958084-3b3a-4d12-aa65-39503d8e46c7",
        "version": 637801919625980000,
        "metadata": {
          "creation_time": 637801919625980000,
          "modification_time": 637801919625980000,
          "tags": [],
          "caller_role": "NONE"
        }
      },
      "tags": [],
      "software_version": 1
    },
    {
      "id": 41,
      "path": "/",
      "name": "68487073-e894-488e-a997-fea884b8a8f9",
      "type": "TableColumn",
      "creation_time": 0,
      "modification_time": 0,
      "inner_item": {
        "$type": "TableColumnDto",
        "poe": 13,
        "pbe": 24,
        "prefix": "",
        "is_primary": false,
        "history_type": "N",
        "block": 0,
        "ordinal": 1100,
        "time_model_role_id": 0,
        "id": 41,
        "name": "68487073-e894-488e-a997-fea884b8a8f9",
        "version": 637801919625980000,
        "metadata": {
          "creation_time": 637801919625980000,
          "modification_time": 637801919625980000,
          "tags": [],
          "caller_role": "NONE"
        }
      },
      "tags": [],
      "software_version": 1
    },
    {
      "id": 44,
      "path": "/",
      "name": "Map_categories_Landing",
      "type": "Mapping",
      "creation_time": 0,
      "modification_time": 0,
      "inner_item": {
        "$type": "MappingDto",
        "entity_id": 6,
        "is_active_mapping_pi": false,
        "schema": "landing_dke_new",
        "database_id": 5,
        "table_name": "categories",
        "mapping_type": "TABLE",
        "is_aggregated": false,
        "mapping_fields": [
          {
            "mapping_type": "DIRECT",
            "source_col_name": "CategoryID",
            "staging_col_name_int": "COLID_25_7"
          },
          {
            "mapping_type": "DIRECT",
            "source_col_name": "Picture",
            "staging_col_name_int": "COLID_27_8"
          },
          {
            "mapping_type": "DIRECT",
            "source_col_name": "CategoryName",
            "staging_col_name_int": "COLID_28_9"
          },
          {
            "mapping_type": "DIRECT",
            "source_col_name": "Description",
            "staging_col_name_int": "COLID_29_10"
          },
          {
            "mapping_type": "DIRECT",
            "source_col_name": "CellPhone7",
            "staging_col_name_int": "COLID_30_11"
          },
          {
            "mapping_type": "DIRECT",
            "source_col_name": "CellPhone6",
            "staging_col_name_int": "COLID_31_12"
          }
        ],
        "data_quality_rules": [
          {
            "action": "REJECT_AND_REPORT",
            "type": "EXPRESSION",
            "name": "Business Keys cannot be NULL",
            "enabled": false,
            "order": 0,
            "is_internal": true
          }
        ],
        "cleansing_rules": [],
        "null_behaviour": "USE_ETL_SETTING",
        "refresh_realtime_view": false,
        "id": 44,
        "name": "Map_categories_Landing",
        "version": 637801919626350000,
        "metadata": {
          "creation_time": 637801919626290000,
          "modification_time": 637801919626350000,
          "tags": [],
          "caller_role": "NONE"
        }
      },
      "tags": [],
      "software_version": 2
    },
    {
      "id": 45,
      "path": "/",
      "name": "Map_customers_Landing",
      "type": "Mapping",
      "creation_time": 0,
      "modification_time": 0,
      "inner_item": {
        "$type": "MappingDto",
        "entity_id": 13,
        "is_active_mapping_pi": true,
        "schema": "landing_dke_new",
        "database_id": 5,
        "table_name": "customers",
        "mapping_type": "TABLE",
        "is_aggregated": false,
        "mapping_fields": [
          {
            "mapping_type": "DIRECT",
            "source_col_name": "CustomerID",
            "staging_col_name_int": "COLID_26_14"
          },
          {
            "mapping_type": "DIRECT",
            "source_col_name": "CompanyName",
            "staging_col_name_int": "COLID_32_15"
          },
          {
            "mapping_type": "DIRECT",
            "source_col_name": "ContactName",
            "staging_col_name_int": "COLID_33_16"
          },
          {
            "mapping_type": "DIRECT",
            "source_col_name": "ContactTitle",
            "staging_col_name_int": "COLID_34_17"
          },
          {
            "mapping_type": "DIRECT",
            "source_col_name": "Address",
            "staging_col_name_int": "COLID_35_18"
          },
          {
            "mapping_type": "DIRECT",
            "source_col_name": "City",
            "staging_col_name_int": "COLID_36_19"
          },
          {
            "mapping_type": "DIRECT",
            "source_col_name": "Region",
            "staging_col_name_int": "COLID_37_20"
          },
          {
            "mapping_type": "DIRECT",
            "source_col_name": "PostalCode",
            "staging_col_name_int": "COLID_38_21"
          },
          {
            "mapping_type": "DIRECT",
            "source_col_name": "Country",
            "staging_col_name_int": "COLID_39_22"
          },
          {
            "mapping_type": "DIRECT",
            "source_col_name": "Phone",
            "staging_col_name_int": "COLID_40_23"
          },
          {
            "mapping_type": "DIRECT",
            "source_col_name": "Fax",
            "staging_col_name_int": "COLID_41_24"
          }
        ],
        "data_quality_rules": [
          {
            "action": "REJECT_AND_REPORT",
            "type": "EXPRESSION",
            "name": "Business Keys cannot be NULL",
            "enabled": false,
            "order": 0,
            "is_internal": true
          }
        ],
        "cleansing_rules": [],
        "null_behaviour": "USE_ETL_SETTING",
        "refresh_realtime_view": false,
        "id": 45,
        "name": "Map_customers_Landing",
        "version": 637801923492780000,
        "metadata": {
          "creation_time": 637801919626430000,
          "modification_time": 637801923492780000,
          "tags": [],
          "caller_role": "NONE"
        }
      },
      "tags": [],
      "software_version": 2
    },
    {
      "id": 42,
      "path": "/",
      "name": "Landing",
      "type": "ETLInfo",
      "creation_time": 0,
      "modification_time": 0,
      "inner_item": {
        "$type": "ETLInfoDto",
        "data": {
          "seqr_processing": false,
          "FULLREBUILD": false,
          "SELOFRUNS": 0,
          "EMPTYRUNNRSTABLE": true,
          "INSERTRUNNRSTABLE": true,
          "MAXCDC_COLUMNS": 10,
          "SPLITRELSANDATTS": false,
          "STOPAFTERSTAGING": false,
          "PARAM_RUNNR": "1",
          "dm_cohorts": [],
          "engine_settings": {
            "thread_connection_settings": {
              "thread_pool_size": 10,
              "thread_pool_max": 18,
              "thread_queue_max": 10000,
              "thread_timeout": 3000
            },
            "database_connection_settings": {
              "db_pool_size": 200,
              "db_reap_interval": 30000,
              "db_lease_timeout": 60000,
              "print_db_leases": false
            },
            "engine_logging_settings": {
              "log_level": "INFO",
              "log_file": "$project-path$\\$task-name$\\$task-name$_Log.log",
              "log_file_timestamp": true,
              "log_console": true,
              "log_stack_trace": false,
              "log_jdbc_driver_output": false,
              "log_mapping_fields": false,
              "log_mapping_values": false,
              "log_sync_provider_output": false,
              "log_prep_statmt_bindings": false,
              "log_dbms_leasing": false,
              "log_table_contents": false,
              "log_sql_monitor_output": false,
              "log_param_substitution": false,
              "log_mop_ids": false,
              "log_java_env": false,
              "log_mopping_state": false,
              "log_table_cache_rows": 20,
              "print_final_log": false,
              "print_dbms_info": false,
              "create_missing_tables": false
            },
            "mopping_thread_settings": {
              "mop_direct_write": false,
              "mop_thread_pool_size": 18,
              "mop_thread_pool_max": 18,
              "mop_thread_queue_max": 2500,
              "mop_thread_timeout": 3000,
              "mop_write_queue_max": 100,
              "mop_no_id_ledelins": true,
              "mop_without_write": false
            },
            "general_settings": {
              "java_mem": "-Xms1024M -Xmx4096M",
              "stt_date": "NOW",
              "up_ddate": "NOW",
              "tgt_os": "MSWL",
              "tgt_sh": "cmd",
              "validate_data_types": false,
              "validate_only": false,
              "fetch_size": 1000,
              "batch_max_rows": 20,
              "nr_of_committed_rows": 10000,
              "parameter_worm": true,
              "instruction_delay": false,
              "memory_reaper": false,
              "ORACLE_DATADIRECT": false,
              "ORACLE_TNSNAMES": "",
              "SQLSERVER_DATADIRECT": false,
              "SQLSERVER_DRIVER_1_1": true,
              "JTDS": false,
              "DB2_DATADIRECT": false,
              "encrypted_password": true,
              "change_processing_by_query": false,
              "recoverableExceptions": {
                "max_retry_count": 0,
                "retry_interval": 0,
                "initialized": false
              }
            },
            "advanced_settings": {
              "retain_stg_tables": false,
              "retain_imt_tables": false,
              "imt_tables_volatile": false,
              "write_etl_cmnds_to_db": false
            },
            "spark_settings": {
              "properties": {}
            }
          },
          "Using_Max_partitions_for_CDC": false,
          "Max_partitions_for_CDC": 0,
          "workflow_position": 1,
          "dwh_full_load": false,
          "dm_enable_table_logging": false,
          "allow_updating_to_null": true,
          "do_not_create_indexes": false,
          "CDC__delay": 0,
          "consolidation_task": false,
          "source_list": []
        },
        "active_mappings": [
          44,
          45
        ],
        "entity_action": [],
        "etl_type": "DataWarehouse",
        "active_custom_etls": [],
        "task_Stage": "DataWarehouse",
        "id": 42,
        "name": "Landing",
        "version": 637801923323880000,
        "metadata": {
          "creation_time": 637801919626120000,
          "modification_time": 637801923323880000,
          "tags": [],
          "caller_role": "NONE"
        }
      },
      "tags": [],
      "software_version": 1
    },
    {
      "id": 43,
      "path": "/",
      "name": "Landing_CDC",
      "type": "ETLInfo",
      "creation_time": 0,
      "modification_time": 0,
      "inner_item": {
        "$type": "ETLInfoDto",
        "data": {
          "seqr_processing": false,
          "FULLREBUILD": false,
          "SELOFRUNS": 0,
          "EMPTYRUNNRSTABLE": true,
          "INSERTRUNNRSTABLE": true,
          "MAXCDC_COLUMNS": 10,
          "SPLITRELSANDATTS": false,
          "STOPAFTERSTAGING": false,
          "PARAM_RUNNR": "1",
          "dm_cohorts": [],
          "engine_settings": {
            "thread_connection_settings": {
              "thread_pool_size": 10,
              "thread_pool_max": 18,
              "thread_queue_max": 10000,
              "thread_timeout": 3000
            },
            "database_connection_settings": {
              "db_pool_size": 200,
              "db_reap_interval": 30000,
              "db_lease_timeout": 60000,
              "print_db_leases": false
            },
            "engine_logging_settings": {
              "log_level": "INFO",
              "log_file": "$project-path$\\$task-name$\\$task-name$_Log.log",
              "log_file_timestamp": true,
              "log_console": true,
              "log_stack_trace": false,
              "log_jdbc_driver_output": false,
              "log_mapping_fields": false,
              "log_mapping_values": false,
              "log_sync_provider_output": false,
              "log_prep_statmt_bindings": false,
              "log_dbms_leasing": false,
              "log_table_contents": false,
              "log_sql_monitor_output": false,
              "log_param_substitution": false,
              "log_mop_ids": false,
              "log_java_env": false,
              "log_mopping_state": false,
              "log_table_cache_rows": 20,
              "print_final_log": false,
              "print_dbms_info": false,
              "create_missing_tables": false
            },
            "mopping_thread_settings": {
              "mop_direct_write": false,
              "mop_thread_pool_size": 18,
              "mop_thread_pool_max": 18,
              "mop_thread_queue_max": 2500,
              "mop_thread_timeout": 3000,
              "mop_write_queue_max": 100,
              "mop_no_id_ledelins": true,
              "mop_without_write": false
            },
            "general_settings": {
              "java_mem": "-Xms1024M -Xmx4096M",
              "stt_date": "NOW",
              "up_ddate": "NOW",
              "tgt_os": "MSWL",
              "tgt_sh": "cmd",
              "validate_data_types": false,
              "validate_only": false,
              "fetch_size": 1000,
              "batch_max_rows": 20,
              "nr_of_committed_rows": 10000,
              "parameter_worm": true,
              "instruction_delay": false,
              "memory_reaper": false,
              "ORACLE_DATADIRECT": false,
              "ORACLE_TNSNAMES": "",
              "SQLSERVER_DATADIRECT": false,
              "SQLSERVER_DRIVER_1_1": true,
              "JTDS": false,
              "DB2_DATADIRECT": false,
              "encrypted_password": true,
              "change_processing_by_query": false,
              "recoverableExceptions": {
                "max_retry_count": 0,
                "retry_interval": 0,
                "initialized": false
              }
            },
            "advanced_settings": {
              "retain_stg_tables": false,
              "retain_imt_tables": false,
              "imt_tables_volatile": false,
              "write_etl_cmnds_to_db": false
            },
            "spark_settings": {
              "properties": {}
            }
          },
          "Using_Max_partitions_for_CDC": false,
          "Max_partitions_for_CDC": 0,
          "workflow_position": 1,
          "dwh_full_load": false,
          "dm_enable_table_logging": false,
          "allow_updating_to_null": true,
          "do_not_create_indexes": false,
          "CDC__delay": 0,
          "consolidation_task": false,
          "source_list": []
        },
        "active_mappings": [
          44,
          45
        ],
        "entity_action": [
          {
            "handle_duplicates": true,
            "ext_load": false,
            "entity_id": 6
          },
          {
            "handle_duplicates": true,
            "ext_load": false,
            "entity_id": 13
          }
        ],
        "etl_type": "DataWarehouse_CDC",
        "active_custom_etls": [],
        "task_Stage": "DataWarehouse",
        "id": 43,
        "name": "Landing_CDC",
        "version": 637801923467100000,
        "metadata": {
          "creation_time": 637801919626130000,
          "modification_time": 637801923467100000,
          "tags": [],
          "caller_role": "NONE"
        }
      },
      "tags": [],
      "software_version": 1
    }
  ]
}